id,title,description,body,year,category,author,source
1,"Bangladesh paralysed by strikes Opposition activists have brought many towns and cities in Bangladesh to a halt, the day after 18 people died in explosions at a political rally.",,"Bangladesh paralysed by strikes Opposition activists have brought many towns and cities in Bangladesh to a halt, the day after 18 people died in explosions at a political rally.",2023,World,M. Patel,AP
2,Desiring Stability Redskins coach Joe Gibbs expects few major personnel changes in the offseason and wants to instill a culture of stability in Washington.,,Desiring Stability Redskins coach Joe Gibbs expects few major personnel changes in the offseason and wants to instill a culture of stability in Washington.,2022,Sports,A. Johnson,TechCrunch
3,"Will Putin #39;s Power Play Make Russia Safer? Outwardly, Russia has not changed since the barrage of terrorist attacks that culminated in the school massacre in Beslan on Sept.",,"Will Putin #39;s Power Play Make Russia Safer? Outwardly, Russia has not changed since the barrage of terrorist attacks that culminated in the school massacre in Beslan on Sept.",2023,World,Jane Doe,CNBC
4,U2 pitches for Apple New iTunes ads airing during baseball games Tuesday will feature the advertising-shy Irish rockers.,,U2 pitches for Apple New iTunes ads airing during baseball games Tuesday will feature the advertising-shy Irish rockers.,2019,Sci/Tech,Jamie Lee,TechCrunch
5,S African TV in beheading blunder Public broadcaster SABC apologises after news bulletin shows footage of American beheaded in Iraq.,,S African TV in beheading blunder Public broadcaster SABC apologises after news bulletin shows footage of American beheaded in Iraq.,2024,World,Marco Rossi,Wired
6,"A Cosmic Storm: When Galaxy Clusters Collide Astronomers have found what they are calling the perfect cosmic storm, a galaxy cluster pile-up so powerful its energy output is second only to the Big Ban",,"A Cosmic Storm: When Galaxy Clusters Collide Astronomers have found what they are calling the perfect cosmic storm, a galaxy cluster pile-up so powerful its energy output is second only to the Big Bang.",2021,Sci/Tech,Jamie Lee,AP
7,West sets deadline for Iran to freeze uranium enrichment Four western countries set the scene yesterday for a showdown with Iran by demanding that it freeze its uranium enrichment activities immediate,,West sets deadline for Iran to freeze uranium enrichment Four western countries set the scene yesterday for a showdown with Iran by demanding that it freeze its uranium enrichment activities immediately.,2020,World,Alex Smith,Wired
8,Computer Assoc,"Cuts 800 Jobs Worldwide (AP) AP - Computer Associates International Inc. announced a restructuring plan Wednesday that would reduce its work force by 800 people worldwide, saving the business software maker  #36;70 million annually once the plan is fully implemented.","Computer Assoc. Cuts 800 Jobs Worldwide (AP) AP - Computer Associates International Inc. announced a restructuring plan Wednesday that would reduce its work force by 800 people worldwide, saving the business software maker  #36;70 million annually once the plan is fully implemented.",2024,Sci/Tech,Priya Singh,CNBC
9,"CA Opens Utility Pricing for Mainframes Keeping its promise to migrate toward more flexible pricing for its software, Computer Associates (Quote, Chart) has unleashed Measured Workload Pricing for its",,"CA Opens Utility Pricing for Mainframes Keeping its promise to migrate toward more flexible pricing for its software, Computer Associates (Quote, Chart) has unleashed Measured Workload Pricing for its mainframe management products.",2023,Sci/Tech,M. Patel,Bloomberg
10,"Economy builds steam in KC Fed district The economy continued to strengthen in September and early October in the Great Plains and Rocky Mountain regions covered by the Tenth Federal Reserve District,",,"Economy builds steam in KC Fed district The economy continued to strengthen in September and early October in the Great Plains and Rocky Mountain regions covered by the Tenth Federal Reserve District, the Federal Reserve Bank of Kansas City said Wednesday.",2020,Business,Priya Singh,Wired
11,"Mutombo says he #39;s being traded to Rockets; will back up, mentor &lt;b&gt;...&lt;/b&gt; Dikembe Mutombo, 38, has agreed to a sign-and-trade deal that will send him from the Chicago Bulls to Houston",,"Mutombo says he #39;s being traded to Rockets; will back up, mentor &lt;b&gt;...&lt;/b&gt; Dikembe Mutombo, 38, has agreed to a sign-and-trade deal that will send him from the Chicago Bulls to Houston in exchange for Eric Piatkowski, Adrian Griffin and Mike Wilks, the Houston Chronicle reports.",2025,Sports,Jamie Lee,The Guardian
12,"RBC Centura CEO steps down RALEIGH, NC - The head of RBC Centura Bank has stepped down, and his successor will run the bank out of Raleigh rather than Rocky Mount, where the bank is based.",,"RBC Centura CEO steps down RALEIGH, NC - The head of RBC Centura Bank has stepped down, and his successor will run the bank out of Raleigh rather than Rocky Mount, where the bank is based.",2020,Business,M. Patel,Reuters
13,Plans put on hold for pro SCO website Infoworld reports that SCO #39;s briefly planned foray into Groklaw territory announced last month has been put on the back burner.,,Plans put on hold for pro SCO website Infoworld reports that SCO #39;s briefly planned foray into Groklaw territory announced last month has been put on the back burner.,2021,Sci/Tech,Jamie Lee,The Guardian
14,"Paris Marks Liberation Mindful of Collaboration With solemn commemorations, a ceremonial flag-raising at the Eiffel Tower and columns of 1940s-era tanks and army jeeps, Parisians on Wednesday marked t",,"Paris Marks Liberation Mindful of Collaboration With solemn commemorations, a ceremonial flag-raising at the Eiffel Tower and columns of 1940s-era tanks and army jeeps, Parisians on Wednesday marked the 60th anniversary",2025,World,M. Patel,The Guardian
15,"Oracle acquisition of PeopleSoft leads flurry of deals NEW YORK (CBS.MW) -- US stocks closed higher Monday, with the Dow Jones Industrial Average ending at its best level in more than nine months amid",,"Oracle acquisition of PeopleSoft leads flurry of deals NEW YORK (CBS.MW) -- US stocks closed higher Monday, with the Dow Jones Industrial Average ending at its best level in more than nine months amid better-than-expected economic data and merger-related optimism.",2024,Business,Sara Ahmed,BBC
16,They #146;re in the wrong ATHENS -- Matt Emmons was focusing on staying calm,He should have been focusing on the right target.,They #146;re in the wrong ATHENS -- Matt Emmons was focusing on staying calm. He should have been focusing on the right target.,2025,Sports,Sara Ahmed,AP
17,Mularkey Sticking With Bledsoe As Bills QB (AP) AP - Mike Mularkey has a message to those clamoring for rookie quarterback J.P,Losman to replace Drew Bledsoe as Buffalo's starter. Not yet.,Mularkey Sticking With Bledsoe As Bills QB (AP) AP - Mike Mularkey has a message to those clamoring for rookie quarterback J.P. Losman to replace Drew Bledsoe as Buffalo's starter. Not yet.,2019,Sports,Priya Singh,BBC
18,"Greek membership of eurozone not in doubt BRUSSELS - Greece #39;s membership of the eurozone is not in doubt despite a damaging review of its budget data stretching back five years, a European Commiss",,"Greek membership of eurozone not in doubt BRUSSELS - Greece #39;s membership of the eurozone is not in doubt despite a damaging review of its budget data stretching back five years, a European Commission official said Monday.",2024,Business,Alex Smith,BBC
19,Some fear it's a passport to identity theft It's December 2005 and you're all set for Christmas in Vienna,"You have your most fashionable cold-weather gear, right down to the red maple leaves embroidered on your jacket and backpack, to conceal your American citizenship from hostile denizens of Europe.","Some fear it's a passport to identity theft It's December 2005 and you're all set for Christmas in Vienna. You have your most fashionable cold-weather gear, right down to the red maple leaves embroidered on your jacket and backpack, to conceal your American citizenship from hostile denizens of Europe.",2019,Business,Sara Ahmed,Wired
21,Cisco switch products target small business Company aggressively addresses smaller businesses with products that reduce the cost and complexity of operating a Cisco network.,,Cisco switch products target small business Company aggressively addresses smaller businesses with products that reduce the cost and complexity of operating a Cisco network.,2022,Sci/Tech,M. Patel,AP
22,"Icahn pushes harder to stop Mylan #39;s King acquisition PITTSBURGH Carl Icahn, the largest shareholder of Mylan Laboratories, is now threatening to push for new company directors to stop the generic",,"Icahn pushes harder to stop Mylan #39;s King acquisition PITTSBURGH Carl Icahn, the largest shareholder of Mylan Laboratories, is now threatening to push for new company directors to stop the generic drug maker #39;s four (B) billion-dollar takeover bid of King Pharmaceuticals.",2022,Business,Chen Li,TechCrunch
23,"Quantum Snags LTO Rival Certance After preaching the superiority of its DLT tape format for years, Quantum has up and bought Certance, a key maker of the rival LTO format.",,"Quantum Snags LTO Rival Certance After preaching the superiority of its DLT tape format for years, Quantum has up and bought Certance, a key maker of the rival LTO format.",2024,Sci/Tech,Marco Rossi,Bloomberg
24,Black to Sue Hollinger Committee for C\$1.1 Bln Fallen press baron Conrad Black will sue Hollinger International Inc,#39;s special committee and others for C\$1.1 billion (\$870 million) over a report that accused him of looting the company of millions of dollars.,Black to Sue Hollinger Committee for C\$1.1 Bln Fallen press baron Conrad Black will sue Hollinger International Inc. #39;s special committee and others for C\$1.1 billion (\$870 million) over a report that accused him of looting the company of millions of dollars.,2019,Business,John Doe,AP
25,Milosevic trial suspended The trial of Slobodan Milosevic has been suspended in Hague to allow the defense lawyers assigned to the former Yugoslav president more time to prepare their case.,,Milosevic trial suspended The trial of Slobodan Milosevic has been suspended in Hague to allow the defense lawyers assigned to the former Yugoslav president more time to prepare their case.,2019,World,Chen Li,The Guardian
26,"Tremor shakes Athens, no damage ATHENS - An earthquake rattled Athens on Tuesday, including the Olympic venues in the Greek capital","The Athens Geodynamic Institute said that there was a tremor, but few other details were known, such as the magnitude or epicentre of the quake.","Tremor shakes Athens, no damage ATHENS - An earthquake rattled Athens on Tuesday, including the Olympic venues in the Greek capital. The Athens Geodynamic Institute said that there was a tremor, but few other details were known, such as the magnitude or epicentre of the quake.",2019,Sports,M. Patel,The Guardian
27,Bush Web Site Bars Overseas Visitors (washingtonpost.com) washingtonpost.com - The Bush-Cheney reelection campaign has barred people outside the United States from viewing its Web site following an el,,"Bush Web Site Bars Overseas Visitors (washingtonpost.com) washingtonpost.com - The Bush-Cheney reelection campaign has barred people outside the United States from viewing its Web site following an electronic attack that took down the campaign's Internet address for six hours last week, according\\to computer security experts.",2023,Sci/Tech,M. Patel,Reuters
28,Merger could affect Nextel Partners The proposed \$35 billion merger of Sprint Corp,and Nextel Communications could mean changes for Kirkland-based Nextel Partners Inc.,Merger could affect Nextel Partners The proposed \$35 billion merger of Sprint Corp. and Nextel Communications could mean changes for Kirkland-based Nextel Partners Inc.,2023,Business,Alex Smith,Bloomberg
29,"TEXANS STAT CENTER After finally winning consecutive games, the Texans are a team in search of a challenge","quot;I knew that was going to come up, quot; Texans coach Dom Capers said with a laugh.","TEXANS STAT CENTER After finally winning consecutive games, the Texans are a team in search of a challenge.  quot;I knew that was going to come up, quot; Texans coach Dom Capers said with a laugh.",2023,Sports,Marco Rossi,BBC
30,About-face for Heels Rashad McCants wasn #39;t thinking about last year at Kentucky,Jawad Williams said last year was last year. And Sean May was thinking more about his last game than North Carolina #39;s Jan. 3 defeat at Rupp Arena.,About-face for Heels Rashad McCants wasn #39;t thinking about last year at Kentucky. Jawad Williams said last year was last year. And Sean May was thinking more about his last game than North Carolina #39;s Jan. 3 defeat at Rupp Arena.,2024,Sports,Jamie Lee,AP
31,Web site pictures Photo iPod for holidays A Mac news site says iPods that display digital photos may be under Christmas trees this year.,,Web site pictures Photo iPod for holidays A Mac news site says iPods that display digital photos may be under Christmas trees this year.,2021,Sci/Tech,M. Patel,TechCrunch
32,"Shanahan says he intends to honour his deal with Broncos Trying to defuse rumours he might be leaving soon, Denver Broncos coach Mike Shanahan said Thursday night he intends to honour the final four y",,"Shanahan says he intends to honour his deal with Broncos Trying to defuse rumours he might be leaving soon, Denver Broncos coach Mike Shanahan said Thursday night he intends to honour the final four years of his contract.",2020,Sports,A. Johnson,The Guardian
33,Iran Says U.S,"Lacks Options on Its Atomic Program (Reuters) Reuters - Washington has hit a dead-end over\Iran's nuclear dossier, lacking enough proof to demand U.N.\sanctions and too bogged down in Iraq for a military strike,\President Mohammad Khatami said Saturday.","Iran Says U.S. Lacks Options on Its Atomic Program (Reuters) Reuters - Washington has hit a dead-end over\Iran's nuclear dossier, lacking enough proof to demand U.N.\sanctions and too bogged down in Iraq for a military strike,\President Mohammad Khatami said Saturday.",2021,World,Alex Smith,Wired
34,Expectations Low for Georgia Basketball (AP) AP - Georgia is likely to have a dismal season on the basketball court.,,Expectations Low for Georgia Basketball (AP) AP - Georgia is likely to have a dismal season on the basketball court.,2025,Sports,Jane Doe,BBC
35,"Company: Ameritrade Hldg Corp New With presidential election-related uncertainty safely in the past, retail investors have returned to the US stock market with gusto, and they #39;re likely to stay en",,"Company: Ameritrade Hldg Corp New With presidential election-related uncertainty safely in the past, retail investors have returned to the US stock market with gusto, and they #39;re likely to stay engaged, several trading companies said Friday.",2025,Business,Marco Rossi,Wired
36,"For Arafat, Oslo Remained Symbol of Hope (AP) AP - Norway's capital could not have been further removed from the chaos and bloodshed of the Middle East",Yet it was as a result of top-secret meetings here that two veteran warriors decided it was time to talk peace.,"For Arafat, Oslo Remained Symbol of Hope (AP) AP - Norway's capital could not have been further removed from the chaos and bloodshed of the Middle East. Yet it was as a result of top-secret meetings here that two veteran warriors decided it was time to talk peace.",2019,World,Jamie Lee,Bloomberg
37,A Daily Look at U.S,"Iraq Military Deaths (AP) AP - As of Tuesday, Nov. 23, 2004, at least 1,229 members of the U.S. military have died since the beginning of the Iraq war in March 2003, according to an Associated Press count. At least 957 died as a result of hostile action, the Defense Department said. The figures include three military civilians.","A Daily Look at U.S. Iraq Military Deaths (AP) AP - As of Tuesday, Nov. 23, 2004, at least 1,229 members of the U.S. military have died since the beginning of the Iraq war in March 2003, according to an Associated Press count. At least 957 died as a result of hostile action, the Defense Department said. The figures include three military civilians.",2025,World,M. Patel,AP
38,Iraq ; Black Watch look to Christmas Soldiers declared  quot;mission accomplished quot; as the battle group convoy of more than 200 vehicles arrived at the relative safety of Shaibah Logistics Base.,,Iraq ; Black Watch look to Christmas Soldiers declared  quot;mission accomplished quot; as the battle group convoy of more than 200 vehicles arrived at the relative safety of Shaibah Logistics Base.,2020,World,Sara Ahmed,AP
39,Revlon #39;s loss widens in third quarter Revlon Inc,#39;s third-quarter loss widened amid a 7 percent drop in sales as the cosmetics giant completed an ambitious refinancing effort.,Revlon #39;s loss widens in third quarter Revlon Inc. #39;s third-quarter loss widened amid a 7 percent drop in sales as the cosmetics giant completed an ambitious refinancing effort.,2022,Business,Sara Ahmed,The Guardian
40,"Next to digital IDs, passwords look lame How big is your key ring? There are the house keys, of course, and the car keys and the little fob for unlocking the doors from 30 feet away","And now there's this new blue thingamajig for logging onto the America Online Internet service. You don't have to use it, but it's not a bad idea, if you want to ...","Next to digital IDs, passwords look lame How big is your key ring? There are the house keys, of course, and the car keys and the little fob for unlocking the doors from 30 feet away. And now there's this new blue thingamajig for logging onto the America Online Internet service. You don't have to use it, but it's not a bad idea, if you want to ...",2019,Business,A. Johnson,Wired
41,"Sharon death threats spark probe Israeli police examine death threats against Prime Minister Ariel Sharon, amid mounting opposition to his Gaza pullout plan.",,"Sharon death threats spark probe Israeli police examine death threats against Prime Minister Ariel Sharon, amid mounting opposition to his Gaza pullout plan.",2022,World,M. Patel,CNBC
42,Red Hat exec takes Sun to task on open source A top Red Hat executive has attacked the open-source credentials of its sometime business partner Sun Microsystems,"In a Web log posting Thursday, Michael Tiemann, Red Hat #39;s vice president of open-source affairs","Red Hat exec takes Sun to task on open source A top Red Hat executive has attacked the open-source credentials of its sometime business partner Sun Microsystems. In a Web log posting Thursday, Michael Tiemann, Red Hat #39;s vice president of open-source affairs",2025,Sci/Tech,Sara Ahmed,The Guardian
43,Fragile Arsenal need to shake off fallout from Old Trafford EIGHT days after the Game of the Decade gave way to the Battle of the Buffet before turning into a war of words between Arsenal and Manchest,,Fragile Arsenal need to shake off fallout from Old Trafford EIGHT days after the Game of the Decade gave way to the Battle of the Buffet before turning into a war of words between Arsenal and Manchester United,2024,Sports,John Doe,The Guardian
44,"Federer, Moya Dodge the Rain and Post Masters Cup Wins Ending after midnight due to rain delays, Roger Federer finally put his second round robin match in the books early Thursday morning at the ATP T",,"Federer, Moya Dodge the Rain and Post Masters Cup Wins Ending after midnight due to rain delays, Roger Federer finally put his second round robin match in the books early Thursday morning at the ATP Tennis Masters Cup in Houston, defeating Lleyton Hewitt for the fifth consecutive time 6-3, 6-4.",2022,Sports,Chen Li,AP
45,"Online bidding firms seek bounce from insurance industry scandal Customers in search of a cheap airfare, antiques or a stock trade can scan the Web for good deals","But when it comes time for companies to buy group insurance policies, they #39;ve largely","Online bidding firms seek bounce from insurance industry scandal Customers in search of a cheap airfare, antiques or a stock trade can scan the Web for good deals. But when it comes time for companies to buy group insurance policies, they #39;ve largely",2025,Business,Jane Doe,CNBC
46,Virus poses as Christmas e-mail A computer virus posing as an electronic Christmas card is spreading across the net in many languages.,,Virus poses as Christmas e-mail A computer virus posing as an electronic Christmas card is spreading across the net in many languages.,2020,World,Alex Smith,AP
47,Rumsfeld Sees U.S,Troops Leaving Iraq Within 4 Years The defense secretary also cautioned that any final decision hinged on the progress of Iraq's new government.,Rumsfeld Sees U.S. Troops Leaving Iraq Within 4 Years The defense secretary also cautioned that any final decision hinged on the progress of Iraq's new government.,2019,World,Jamie Lee,AP
48,"Doubts Persist About Election Results (AP) AP - As the Electoral College prepares to certify President Bush's re-election on Monday, concerns persist about the integrity of the nation's voting system",,"Doubts Persist About Election Results (AP) AP - As the Electoral College prepares to certify President Bush's re-election on Monday, concerns persist about the integrity of the nation's voting system  #151; particularly in Ohio, where details continue to emerge of technology failures, voter confusion and overcrowded polling stations in minority and poor neighborhoods.",2025,World,Marco Rossi,Reuters
49,"US Envoy Positive About Security Council Talks On Sudan Nairobi, Nov",18 (NNN) : Ambassadors from the United Nations Security Council are set to meet in the Kenyan capital for talks on Sudan at a two-day event in Nairobi which will focus on the peace process in,"US Envoy Positive About Security Council Talks On Sudan Nairobi, Nov. 18 (NNN) : Ambassadors from the United Nations Security Council are set to meet in the Kenyan capital for talks on Sudan at a two-day event in Nairobi which will focus on the peace process in",2024,World,M. Patel,Bloomberg
50,Valentine back in Japan for Autumn camp Lotte Marines manager Bobby Valentine is back in Japan to take part in his team #39;s Autumn training camp,"Valentine, who had been mentioned as a possible candidate to replace Art Howe as manager","Valentine back in Japan for Autumn camp Lotte Marines manager Bobby Valentine is back in Japan to take part in his team #39;s Autumn training camp. Valentine, who had been mentioned as a possible candidate to replace Art Howe as manager",2019,Sports,Marco Rossi,Wired
51,"Canceled checks, float soon to disappear Every night, millions of cashed checks fly around the country, headed for their home bank","Starting in October, technology will start to ground many of those flights.","Canceled checks, float soon to disappear Every night, millions of cashed checks fly around the country, headed for their home bank. Starting in October, technology will start to ground many of those flights.",2019,Business,M. Patel,The Guardian
52,Panthers #39; defense leads to another win Carl Krauser scored all but two of his 17 points at the free throw line to lead No,11 Pittsburgh to a 70-51 victory over Memphis on Tuesday night in the Jimmy V Classic.,Panthers #39; defense leads to another win Carl Krauser scored all but two of his 17 points at the free throw line to lead No. 11 Pittsburgh to a 70-51 victory over Memphis on Tuesday night in the Jimmy V Classic.,2023,Sports,Jamie Lee,AP
53,US plans new resolution on Darfur The US says it is preparing a new UN resolution to deal with the crisis in the troubled Darfur region of Sudan.,,US plans new resolution on Darfur The US says it is preparing a new UN resolution to deal with the crisis in the troubled Darfur region of Sudan.,2019,World,Chen Li,Bloomberg
54,"Microsoft aims at NetWare users with migration campaign In the U.S., Microsoft will offer training vouchers, migration products and online tech support to NetWare users considering a switch.",,"Microsoft aims at NetWare users with migration campaign In the U.S., Microsoft will offer training vouchers, migration products and online tech support to NetWare users considering a switch.",2024,Sci/Tech,A. Johnson,The Guardian
55,"Chelsea lay down the law on drugs as Mutu is shown door CHELSEA enforced a zero tolerance policy against drugs yesterday when they dismissed Adrian Mutu, the Romania striker, for gross misconduct afte",,"Chelsea lay down the law on drugs as Mutu is shown door CHELSEA enforced a zero tolerance policy against drugs yesterday when they dismissed Adrian Mutu, the Romania striker, for gross misconduct after his positive test for cocaine.",2022,Sports,Sara Ahmed,TechCrunch
56,"Bama offense faces tough test Like most Alabama fans, injured quarterback Brodie Croyle will sweat out tonight #39;s LSU game at home","If, somehow, the Crimson Tide can knock off the 17th-ranked Tigers, Croyle","Bama offense faces tough test Like most Alabama fans, injured quarterback Brodie Croyle will sweat out tonight #39;s LSU game at home. If, somehow, the Crimson Tide can knock off the 17th-ranked Tigers, Croyle",2024,Sports,Priya Singh,Wired
57,"Amazon moves into China US internet giant Amazon.com is buying China's largest web retailer Joyo.com, in a deal worth \$75m (41m).",,"Amazon moves into China US internet giant Amazon.com is buying China's largest web retailer Joyo.com, in a deal worth \$75m (41m).",2020,Business,Sara Ahmed,AP
58,Weak industrial output weighs on British growth (AFP) AFP - Britain's industrial sector appears to have been a bigger drag on overall economic growth in the third quarter than was first assumed.,,Weak industrial output weighs on British growth (AFP) AFP - Britain's industrial sector appears to have been a bigger drag on overall economic growth in the third quarter than was first assumed.,2020,Business,John Doe,The Guardian
59,MPAA Starts Suing Today the MPAA (Motion Picture Association of America) announced today that it had filed an unspecified amount of lawsuits against people who trade Movies using p2p (peer-to-peer) pr,,MPAA Starts Suing Today the MPAA (Motion Picture Association of America) announced today that it had filed an unspecified amount of lawsuits against people who trade Movies using p2p (peer-to-peer) programs.,2019,Sci/Tech,A. Johnson,Reuters
60,US Airways talks with pilots collapse Negotiations between US Airways Group Inc,and its pilots union over labor concessions collapsed Monday. The airline is seeking \$295 million in annual concessions from pilots.,US Airways talks with pilots collapse Negotiations between US Airways Group Inc. and its pilots union over labor concessions collapsed Monday. The airline is seeking \$295 million in annual concessions from pilots.,2021,Business,M. Patel,Wired
61,Akamai boosts Web application services The company fills out its hosted application lineup with four products designed for e-commerce Web sites.,,Akamai boosts Web application services The company fills out its hosted application lineup with four products designed for e-commerce Web sites.,2025,Sci/Tech,M. Patel,The Guardian
62,"Skygazers, baseball fans watch for lunar eclipse If skies are clear, people can expect to see the full moon turn a deep reddish colour as the Earth #39;s shadow falls over the face of the moon, astron",,"Skygazers, baseball fans watch for lunar eclipse If skies are clear, people can expect to see the full moon turn a deep reddish colour as the Earth #39;s shadow falls over the face of the moon, astronomers say.",2021,Sci/Tech,Sara Ahmed,TechCrunch
63,"American Deserters Find a Mixed Reception in Canada Despite Canada's opposition to the Iraq war, the government also is opposing the U.S","deserters' refugee applications, saying the soldiers are not persecuted. It is resisting the argument that the Iraq war is illegal.","American Deserters Find a Mixed Reception in Canada Despite Canada's opposition to the Iraq war, the government also is opposing the U.S. deserters' refugee applications, saying the soldiers are not persecuted. It is resisting the argument that the Iraq war is illegal.",2022,World,Jane Doe,The Guardian
64,"Bin Laden Still At Large 3 Years After US Attacks The US-led anti-terrorism coalition is still hunting terror mastermind Osama bin Laden, the chief suspect in the September 11, 2001 deadly attacks on",,"Bin Laden Still At Large 3 Years After US Attacks The US-led anti-terrorism coalition is still hunting terror mastermind Osama bin Laden, the chief suspect in the September 11, 2001 deadly attacks on US cities.",2022,World,Sara Ahmed,Bloomberg
65,"Moss officially out for Green Bay EDEN PRAIRIE, Minn",The Minnesota Vikings officially downgraded All-Pro receiver Randy Moss from doubtful to out for Sunday #39;s game at Green Bay.,"Moss officially out for Green Bay EDEN PRAIRIE, Minn. The Minnesota Vikings officially downgraded All-Pro receiver Randy Moss from doubtful to out for Sunday #39;s game at Green Bay.",2019,Sports,Jane Doe,Wired
66,"Hillary Rosen Loves Larry Lessig (and other improbable tales) In Wired, Hillary Rosen, the former head of the Recording Industry Ass","of America, writes of her love affair with... no way dude. Yep. Larry Lessig, her long time foe who started the Creative Commons.","Hillary Rosen Loves Larry Lessig (and other improbable tales) In Wired, Hillary Rosen, the former head of the Recording Industry Ass. of America, writes of her love affair with... no way dude. Yep. Larry Lessig, her long time foe who started the Creative Commons.",2023,Sci/Tech,Priya Singh,Bloomberg
67,"New England #39;s win streak hits 19 In a part of the country that is steeped in history, New England #39;s NFL-record, 19-game winning streak might not be recognized with the same reverence as Paul R",,"New England #39;s win streak hits 19 In a part of the country that is steeped in history, New England #39;s NFL-record, 19-game winning streak might not be recognized with the same reverence as Paul Revere #39;s midnight",2024,Sports,Sara Ahmed,Bloomberg
68,"Orton does not start against Ohio State Purdue quarterback Kyle Orton did not start Saturday #39;s game against Ohio State, though he was listed as available to play",Orton has been bothered by a right hip injury for the last month.,"Orton does not start against Ohio State Purdue quarterback Kyle Orton did not start Saturday #39;s game against Ohio State, though he was listed as available to play. Orton has been bothered by a right hip injury for the last month.",2019,Sports,Chen Li,CNBC
69,"Mistakes hinder Knicks in loss It will be labeled a learning experience, but that won #39;t remove any of the sting",Momentum was lost again Wednesday night as the Knicks blew a lead and lost 94-93 to the Detroit Pistons at Madison Square Garden.,"Mistakes hinder Knicks in loss It will be labeled a learning experience, but that won #39;t remove any of the sting. Momentum was lost again Wednesday night as the Knicks blew a lead and lost 94-93 to the Detroit Pistons at Madison Square Garden.",2020,Sports,Alex Smith,Reuters
70,Trucking Firm Takes a Tumble Trucking stocks offer extremely attractive long-term valuations,What about SCS Transportation?,Trucking Firm Takes a Tumble Trucking stocks offer extremely attractive long-term valuations. What about SCS Transportation?,2020,Business,Jane Doe,TechCrunch
71,Cranes rain down as peace gesture Millions of origami paper cranes yesterday rained down upon Thailand #39;s three violence-torn southern provinces in an extravagant government-sponsored gesture aimed,,Cranes rain down as peace gesture Millions of origami paper cranes yesterday rained down upon Thailand #39;s three violence-torn southern provinces in an extravagant government-sponsored gesture aimed at bringing peace to the predominantly Muslim region.,2021,World,Alex Smith,The Guardian
72,"Yahoo, Adobe team up on new Web services Yahoo Inc",and Adobe Systems Inc. have joined forces to tap each others #39; customers and put Web search features into Adobe #39;s popular Acrobat Reader software.,"Yahoo, Adobe team up on new Web services Yahoo Inc. and Adobe Systems Inc. have joined forces to tap each others #39; customers and put Web search features into Adobe #39;s popular Acrobat Reader software.",2021,Business,Priya Singh,TechCrunch
73,"US Airways again files for bankruptcy protection In another sign of the troubles facing the nation #39;s biggest airlines, US Airways filed Sunday for Chapter 11 bankruptcy protection for the second t",,"US Airways again files for bankruptcy protection In another sign of the troubles facing the nation #39;s biggest airlines, US Airways filed Sunday for Chapter 11 bankruptcy protection for the second time since 2002.",2023,Business,Jane Doe,CNBC
74,"China  #39;blocks Google news site #39; China has been accused of blocking access to Google News by the media watchdog, Reporters Without Borders",The Paris-based pressure group said the English-language news site had been unavailable for the past 10 days.,"China  #39;blocks Google news site #39; China has been accused of blocking access to Google News by the media watchdog, Reporters Without Borders. The Paris-based pressure group said the English-language news site had been unavailable for the past 10 days.",2024,Sci/Tech,A. Johnson,CNBC
75,Sprint Near Deal to Buy Nextel -Sources (Reuters) Reuters - Sprint Corp,is close to\an agreement to buy Nextel Communications Inc. for about  #36;35\billion in a mostly stock deal that would combine the No. 3 and,Sprint Near Deal to Buy Nextel -Sources (Reuters) Reuters - Sprint Corp. is close to\an agreement to buy Nextel Communications Inc. for about  #36;35\billion in a mostly stock deal that would combine the No. 3 and,2024,Business,John Doe,CNBC
76,Orton Engineers Purdue Victory Over Illinois The Illinois rushing offense and the Purdue passing offense dueled in the Big Ten opener for both schools on Saturday at Memorial Stadium in Champaign.,,Orton Engineers Purdue Victory Over Illinois The Illinois rushing offense and the Purdue passing offense dueled in the Big Ten opener for both schools on Saturday at Memorial Stadium in Champaign.,2019,Sports,Jane Doe,Wired
77,"Early wake-up call for LSU Can a season be lost before Labor Day? Generally, the answer is no",Even the worst losses can be worked around when they occur on the first weekend of September. There's more than enough time for a team to move past any disappointment in losing a game most expected it to win.,"Early wake-up call for LSU Can a season be lost before Labor Day? Generally, the answer is no. Even the worst losses can be worked around when they occur on the first weekend of September. There's more than enough time for a team to move past any disappointment in losing a game most expected it to win.",2021,Sports,Priya Singh,Wired
78,800M PLEDGED FOR VIRGIN BOSS #39;S SPACE TRIPS MORE than 800million has been pledged to Sir Richard Branson #39;s space travel adventure - - years before the ship has even been built.,,800M PLEDGED FOR VIRGIN BOSS #39;S SPACE TRIPS MORE than 800million has been pledged to Sir Richard Branson #39;s space travel adventure - - years before the ship has even been built.,2023,Sci/Tech,Jane Doe,AP
79,One last mile to go before they sweep Pedro Martinez dazzles for seven as Boston takes a seemingly safe three games to none lead,"By MARC TOPKIN, Times Staff Writer. ST.","One last mile to go before they sweep Pedro Martinez dazzles for seven as Boston takes a seemingly safe three games to none lead. By MARC TOPKIN, Times Staff Writer. ST.",2025,Sports,A. Johnson,The Guardian
80,Politics: Both sides eye climbing world oil prices nervously The news that the National party is to hold back on key policy announcements until closer to the election has had a mixed reception.,,Politics: Both sides eye climbing world oil prices nervously The news that the National party is to hold back on key policy announcements until closer to the election has had a mixed reception.,2025,World,A. Johnson,Reuters
81,"Surprise victory for Basescu in Romania Traian Basescu, a sea captain turned politician, won a surprise victory in Romania #39;s presidential run-off election held on Sunday, according to final result",,"Surprise victory for Basescu in Romania Traian Basescu, a sea captain turned politician, won a surprise victory in Romania #39;s presidential run-off election held on Sunday, according to final results announced yesterday.",2021,World,Marco Rossi,CNBC
82,Bush Record: New Priorities in Environment The Bush administration's approach to environmental issues has challenged the status quo by revising the traditional public-policy calculus on decisions.,,Bush Record: New Priorities in Environment The Bush administration's approach to environmental issues has challenged the status quo by revising the traditional public-policy calculus on decisions.,2025,World,John Doe,TechCrunch
83,"Tests Show No Mad Cow, Cattle Prices Rise  WASHINGTON/CHICAGO (Reuters) - An animal suspected of  having mad cow disease was given a clean bill of health in a  second round of sophisticated testing, t",Agriculture  Department said on Tuesday after cattle prices soared in  expectation of the news.,"Tests Show No Mad Cow, Cattle Prices Rise  WASHINGTON/CHICAGO (Reuters) - An animal suspected of  having mad cow disease was given a clean bill of health in a  second round of sophisticated testing, the U.S. Agriculture  Department said on Tuesday after cattle prices soared in  expectation of the news.",2020,Business,Chen Li,Reuters
84,Bush Offers Sympathy at Russian Embassy (AP) AP - President Bush made an unexpected visit to the Russian Embassy on Sunday where he signed a book of condolences for victims of the school hostage seizu,,"Bush Offers Sympathy at Russian Embassy (AP) AP - President Bush made an unexpected visit to the Russian Embassy on Sunday where he signed a book of condolences for victims of the school hostage seizure and expressed outrage at the actions of ""evil terrorists.""",2019,World,John Doe,Wired
85,"Padres Paste Slumping Mets 4-0 (AP) AP - Brian Lawrence escaped a bases-loaded jam in the first inning and allowed just four hits the rest of the way Wednesday night, pitching the San Diego Padres to",,"Padres Paste Slumping Mets 4-0 (AP) AP - Brian Lawrence escaped a bases-loaded jam in the first inning and allowed just four hits the rest of the way Wednesday night, pitching the San Diego Padres to a 4-0 victory over the slumping New York Mets.",2025,Sports,John Doe,The Guardian
86,"Quiz Eisner in shareholder suit Disney big cheese Michael Eisner took the witness stand for the first time yesterday in an ongoing shareholder lawsuit, defending his choice of ex-super talent agent Mi",,"Quiz Eisner in shareholder suit Disney big cheese Michael Eisner took the witness stand for the first time yesterday in an ongoing shareholder lawsuit, defending his choice of ex-super talent agent Michael Ovitz as Disney #39;s No.",2023,Business,Jane Doe,CNBC
87,"Oil firms in talks to end Nigerian jobs protest Multinational companies began talks Monday with Nigerian villagers occupying three oil platforms in a dispute over jobs which shut 90,000 barrels per da",,"Oil firms in talks to end Nigerian jobs protest Multinational companies began talks Monday with Nigerian villagers occupying three oil platforms in a dispute over jobs which shut 90,000 barrels per day of oil production.",2019,World,Chen Li,The Guardian
88,"1,600 internet cafes closed in China The Chinese local governments have closed 1600 Internet cafes and fined operators a total of 100m yuan (\$12m) between February and August this year.",,"1,600 internet cafes closed in China The Chinese local governments have closed 1600 Internet cafes and fined operators a total of 100m yuan (\$12m) between February and August this year.",2021,Sci/Tech,Sara Ahmed,Reuters
89,Pitt Locks Up BCS Bid Tyler Palko tosses a career-high 411 yards and five touchdowns to push No,"19 Pittsburgh over South Florida, 43-14, on Satudray.","Pitt Locks Up BCS Bid Tyler Palko tosses a career-high 411 yards and five touchdowns to push No. 19 Pittsburgh over South Florida, 43-14, on Satudray.",2020,Sports,M. Patel,CNBC
90,Over 80 hurt on first day of Bangladesh strike (Reuters) Reuters - Opposition activists in Bangladesh attacked railway stations and battled police across the country on Tuesday on the first day of a t,,Over 80 hurt on first day of Bangladesh strike (Reuters) Reuters - Opposition activists in Bangladesh attacked railway stations and battled police across the country on Tuesday on the first day of a two-day strike called to protest against a deadly grenade attack at the weekend.,2020,World,Chen Li,Bloomberg
91,Open-Roddick can #39;t wait for  #39;electric #39; atmosphere Andy Roddick hopes to use home advantage to the maximum as he begins the defence of his US Open crown next week,"Roddick, who opens this year against American","Open-Roddick can #39;t wait for  #39;electric #39; atmosphere Andy Roddick hopes to use home advantage to the maximum as he begins the defence of his US Open crown next week. Roddick, who opens this year against American",2021,Sports,Chen Li,Bloomberg
92,Cheney Echoes Bush's Criticism of Kerry (AP) AP - Vice President Dick Cheney on Wednesday echoed President Bush's latest sharp challenge of Sen,John Kerry's fitness to serve as commander in chief as the Republican No. 2 basked in approval from GOP supporters cheered by his debate performance.,Cheney Echoes Bush's Criticism of Kerry (AP) AP - Vice President Dick Cheney on Wednesday echoed President Bush's latest sharp challenge of Sen. John Kerry's fitness to serve as commander in chief as the Republican No. 2 basked in approval from GOP supporters cheered by his debate performance.,2019,World,Jamie Lee,Reuters
93,"FTC wants spammer bounties Congress has asked the US Federal Trade Commission (FTC) to look into spam reduction measures, including a  quot;Do Not Spam quot; list idea passed with the CAN-SPAM Act.",,"FTC wants spammer bounties Congress has asked the US Federal Trade Commission (FTC) to look into spam reduction measures, including a  quot;Do Not Spam quot; list idea passed with the CAN-SPAM Act.",2020,Sci/Tech,Chen Li,CNBC
94,Feds go after  #39;Spam King #39; Federal attorneys are trying to shut down an allegedly illicit Internet business operated out of a dance club in Rochester that is deluging computers with unwanted po,,Feds go after  #39;Spam King #39; Federal attorneys are trying to shut down an allegedly illicit Internet business operated out of a dance club in Rochester that is deluging computers with unwanted pop-up ads by hijacking their browsers.,2021,Sci/Tech,Jane Doe,CNBC
95,Microsoft braces for EU anti-trust appeal US software giant Microsoft said it will abide by whatever ruling is handed down by a European appeal court hearing due to start this week against an EU conde,,Microsoft braces for EU anti-trust appeal US software giant Microsoft said it will abide by whatever ruling is handed down by a European appeal court hearing due to start this week against an EU condemnation for abusing its market dominance.,2025,Business,A. Johnson,TechCrunch
96,Frances Postpones Third Cubs-Marlins Game (AP) AP - The Florida Marlins postponed Sunday's game against the Chicago Cubs as Hurricane Frances crept ashore on the eastern coast of Florida.,,Frances Postpones Third Cubs-Marlins Game (AP) AP - The Florida Marlins postponed Sunday's game against the Chicago Cubs as Hurricane Frances crept ashore on the eastern coast of Florida.,2020,Sports,M. Patel,CNBC
97,Chain Store Sales Mixed in Oct 16 Week  NEW YORK (Reuters) - U.S,"chain store sales rose in the  second week of October compared with last year, as seasonal  shopping drove sales during the second week of the month, a  report said on Tuesday.","Chain Store Sales Mixed in Oct 16 Week  NEW YORK (Reuters) - U.S. chain store sales rose in the  second week of October compared with last year, as seasonal  shopping drove sales during the second week of the month, a  report said on Tuesday.",2025,Business,Sara Ahmed,TechCrunch
98,MOTOR RACING: IT #39;S TWO IN A ROW FOR DARIO DARIO FRANCHITTI scored a scorching second Indy Racing League race of 2004 on a triumphant return to Pikes Peak,The Scot finished fourth at the Colorado track last year but this time he led the race four,MOTOR RACING: IT #39;S TWO IN A ROW FOR DARIO DARIO FRANCHITTI scored a scorching second Indy Racing League race of 2004 on a triumphant return to Pikes Peak. The Scot finished fourth at the Colorado track last year but this time he led the race four,2024,Sports,Chen Li,CNBC
100,Busch's ambience set it apart from others ST,"LOUIS -- Even a cookie-cutter stadium -- which is the pejorative term that came to describe the multipurpose bowls that seemed to spring up simultaneously in Pittsburgh, Cincinnati, Atlanta, Queens, Philadelphia, and St. Louis in the late 1960s and early '70s -- can have their quirks.","Busch's ambience set it apart from others ST. LOUIS -- Even a cookie-cutter stadium -- which is the pejorative term that came to describe the multipurpose bowls that seemed to spring up simultaneously in Pittsburgh, Cincinnati, Atlanta, Queens, Philadelphia, and St. Louis in the late 1960s and early '70s -- can have their quirks.",2020,Sports,Chen Li,The Guardian
101,Stocks creep higher in New York NEW YORKUS blue-chip stocks ended barely higher yesterday as a spike in oil prices to record closing levels pared earlier gains and renewed concerns about the effect of,,Stocks creep higher in New York NEW YORKUS blue-chip stocks ended barely higher yesterday as a spike in oil prices to record closing levels pared earlier gains and renewed concerns about the effect of high energy prices on consumer spending and corporate profits.,2022,Business,Alex Smith,The Guardian
102,"Nigeria bars Halliburton contracts Nigeria said on Monday it had banned the awarding of government contracts to Halliburton, the world #39;s second-largest oil services firm, following the theft of tw",,"Nigeria bars Halliburton contracts Nigeria said on Monday it had banned the awarding of government contracts to Halliburton, the world #39;s second-largest oil services firm, following the theft of two radioactive devices from its Nigerian subsidiary.",2022,Business,Jane Doe,TechCrunch
103,"J amp;J takes heart from 13bn deal Johnson  amp; Johnson announced a \$25.4bn (13.1bn) deal yesterday to buy Guidant Corporation, giving the healthcare company a stake in the fast-growing market for d",,"J amp;J takes heart from 13bn deal Johnson  amp; Johnson announced a \$25.4bn (13.1bn) deal yesterday to buy Guidant Corporation, giving the healthcare company a stake in the fast-growing market for devices that regulate heartbeats.",2022,Business,Sara Ahmed,AP
104,"Calpers to begin search for new President NEW YORK, December 3 (newratings.com) - The Board members of the Californian state pension fund, Calpers (California Public Employees Retirement System), are",,"Calpers to begin search for new President NEW YORK, December 3 (newratings.com) - The Board members of the Californian state pension fund, Calpers (California Public Employees Retirement System), are scheduled to begin the process of selecting a new President today, after Sean Harrigan was",2021,Business,Alex Smith,BBC
105,"Broncos Griffin reportedly out for season The Denver Broncos have lost tailback-turned-kickoff returner Quentin Griffin for the season, ESPN reported Tuesday, citing no sources.",,"Broncos Griffin reportedly out for season The Denver Broncos have lost tailback-turned-kickoff returner Quentin Griffin for the season, ESPN reported Tuesday, citing no sources.",2019,Sports,Chen Li,AP
106,Napier's Chessboard Calculator Isn't Napier the logarithm guy? Yes indeed,"A man of varied  talents, he popularized the modern decimal point notation and argued  that the Pope of 1593 was the Antichrist.    And created one of the first devices to automate binary  arithmetic. Using nothing more than a chessboard and some counters, he  developed ways to multiply, divide and even find the square roots of  binary numbers.","Napier's Chessboard Calculator Isn't Napier the logarithm guy? Yes indeed. A man of varied  talents, he popularized the modern decimal point notation and argued  that the Pope of 1593 was the Antichrist.    And created one of the first devices to automate binary  arithmetic. Using nothing more than a chessboard and some counters, he  developed ways to multiply, divide and even find the square roots of  binary numbers.",2020,Sci/Tech,John Doe,AP
107,Some Weapons at Russia School Were Stolen MOSCOW Sept,"16, 2004 - Some of the weapons used by militants in the deadly Russian school siege were pilfered from police posts in armed raids allegedly led by one of Chechnya #39;s most notorious warlords, Russia #39;s","Some Weapons at Russia School Were Stolen MOSCOW Sept. 16, 2004 - Some of the weapons used by militants in the deadly Russian school siege were pilfered from police posts in armed raids allegedly led by one of Chechnya #39;s most notorious warlords, Russia #39;s",2021,World,Sara Ahmed,BBC
108,Sony Sends Its Robots to School Humanoid devices will be used to encourage interest in science and technology.,,Sony Sends Its Robots to School Humanoid devices will be used to encourage interest in science and technology.,2022,Sci/Tech,Chen Li,Bloomberg
109,IOC Sets Up Disciplinary Commission To Investigate Jones Doping &lt;b&gt;...&lt;/b&gt; The International Olympic Committee (IOC) announced Tuesday that IOC President Jacques Rogge has set up a Discipl,,"IOC Sets Up Disciplinary Commission To Investigate Jones Doping &lt;b&gt;...&lt;/b&gt; The International Olympic Committee (IOC) announced Tuesday that IOC President Jacques Rogge has set up a Disciplinary Commission to investigate remarks on ABCs 20/20 Friday, made by Victor Conte, head of the California-based Balco laboratory, on ABC",2023,Sports,John Doe,CNBC
111,Siemens issue warning over 65 series handsets Siemens has posted a warning over its latest range of mobile phones suggesting that a flaw in them may hurt user while using them.,,Siemens issue warning over 65 series handsets Siemens has posted a warning over its latest range of mobile phones suggesting that a flaw in them may hurt user while using them.,2024,Sci/Tech,Alex Smith,The Guardian
112,"Headset Maker Plantronics Surfs on Games Wave  MILAN (Reuters) - Blockbuster video games and cheap  Internet phone calls are boosting demand for Plantronics'  &lt;A HREF=""http://www.reuters.co.uk/fina",,"Headset Maker Plantronics Surfs on Games Wave  MILAN (Reuters) - Blockbuster video games and cheap  Internet phone calls are boosting demand for Plantronics'  &lt;A HREF=""http://www.reuters.co.uk/financeQuoteLookup.jhtml?ticker=PLT.N qtype=sym infotype=info qcat=news""&gt;PLT.N&lt;/A&gt; headsets, the chief executive of the world's leading  maker of phone headsets said on Wednesday.",2023,Sci/Tech,Marco Rossi,TechCrunch
113,"Nigerian Rebels to Widen Conflict, Target Agip  LAGOS (Reuters) - Nigerian rebels fighting government  troops in the southern Port Harcourt area are poised to launch  an uprising across the entire oil",,"Nigerian Rebels to Widen Conflict, Target Agip  LAGOS (Reuters) - Nigerian rebels fighting government  troops in the southern Port Harcourt area are poised to launch  an uprising across the entire oil-producing delta region to  force political reforms or gain sovereignty, a rebel leader  said on Sunday.",2024,World,Jamie Lee,TechCrunch
114,United ends Arsenal #39;s streak Manchester United emerged triumphantly from an uncompromising Battle of the Titans to end Arsenal #39;s 49-match unbeaten English Premier League run with a 2-0 victory,,United ends Arsenal #39;s streak Manchester United emerged triumphantly from an uncompromising Battle of the Titans to end Arsenal #39;s 49-match unbeaten English Premier League run with a 2-0 victory at Old Trafford on Sunday.,2019,Sports,Chen Li,BBC
115,"BHP Billiton to expand Pilbara operations Iron ore miner BHP Billiton has announced a further expansion of its Pilbara operations, to meet continuing demand in Asia","Under its \$780 million Rapid Growth Project, BHP Billiton will increase its overall","BHP Billiton to expand Pilbara operations Iron ore miner BHP Billiton has announced a further expansion of its Pilbara operations, to meet continuing demand in Asia. Under its \$780 million Rapid Growth Project, BHP Billiton will increase its overall",2019,Business,M. Patel,Reuters
116,"Indonesia's Yudhoyono rejects foreign help to solve Aceh conflict (AFP) AFP - A state of civil emergency in the rebellion-hit Indonesian province of Aceh has been formally extended by six month, as th",,"Indonesia's Yudhoyono rejects foreign help to solve Aceh conflict (AFP) AFP - A state of civil emergency in the rebellion-hit Indonesian province of Aceh has been formally extended by six month, as the country's president pledged to end violence there without foreign help.",2024,World,Alex Smith,Wired
117,"Rooney brought down to earth After a debut that was the stuff of fantasy, Wayne Rooney was introduced to the real Manchester United yesterday",The 18-year-old could have been forgiven for thinking that life,"Rooney brought down to earth After a debut that was the stuff of fantasy, Wayne Rooney was introduced to the real Manchester United yesterday. The 18-year-old could have been forgiven for thinking that life",2021,Sports,Alex Smith,The Guardian
119,"Turnaround Progress Seen, 2 Executives to Leave Ford Two of the Ford Motor Company's most senior executives retired in a sign that the company's deep financial crisis has abated, though serious challe",,"Turnaround Progress Seen, 2 Executives to Leave Ford Two of the Ford Motor Company's most senior executives retired in a sign that the company's deep financial crisis has abated, though serious challenges remain.",2020,Business,John Doe,BBC
120,AUSTRALIA ROMP TO HISTORIC WIN Australia wrapped up their first series win in India in 35 years after an overwhelming victory by 342 runs in the third Test in Nagpur.,,AUSTRALIA ROMP TO HISTORIC WIN Australia wrapped up their first series win in India in 35 years after an overwhelming victory by 342 runs in the third Test in Nagpur.,2023,Sports,Sara Ahmed,Reuters
121,"Cambodia's king 'has abdicated' Cambodia's King Sihanouk has announced his abdication, his son tells the country's National Assembly.",,"Cambodia's king 'has abdicated' Cambodia's King Sihanouk has announced his abdication, his son tells the country's National Assembly.",2024,World,Chen Li,BBC
122,"US soldier pleads guilty in Iraq abuse case The highest-ranking US Army soldier accused of abusing prisoners at the Abu Ghraib prison in Iraq, has pleaded guilty to five charges.",,"US soldier pleads guilty in Iraq abuse case The highest-ranking US Army soldier accused of abusing prisoners at the Abu Ghraib prison in Iraq, has pleaded guilty to five charges.",2023,World,Chen Li,The Guardian
123,"Toxic Algae Bloom Seen Off Washington State Coast An unusually large toxic bloom of algae, which could poison humans and taint shellfish, has been detected in the ocean off the northwest coast of Wash",,"Toxic Algae Bloom Seen Off Washington State Coast An unusually large toxic bloom of algae, which could poison humans and taint shellfish, has been detected in the ocean off the northwest coast of Washington state, oceanographers said on Wednesday.",2022,Sci/Tech,John Doe,AP
124,First contract signed with US companies at Havana Trade Fair US entrepreneurs participating in the Havana Trade Fair are planning to negotiate new sales of cattle and foodstuffs and hope to exceed the,,First contract signed with US companies at Havana Trade Fair US entrepreneurs participating in the Havana Trade Fair are planning to negotiate new sales of cattle and foodstuffs and hope to exceed the one billion dollars in total revenue they have,2023,Business,Marco Rossi,CNBC
125,"Budget ax falls on lunar probe Politics, Texas-style, led to NASA and its shuttle program getting their best treatment in decades from Congressional budget writers.",,"Budget ax falls on lunar probe Politics, Texas-style, led to NASA and its shuttle program getting their best treatment in decades from Congressional budget writers.",2021,Sci/Tech,Alex Smith,BBC
126,Teen Newsbreak - Getting out the vote A nonpartisan national group is trying to get a record number of voters to the polls this year,By MARK ZALOUDEK. Scientists are unlocking some of the mysteries of the universe as planetary exploration forges ahead on several fronts.,Teen Newsbreak - Getting out the vote A nonpartisan national group is trying to get a record number of voters to the polls this year. By MARK ZALOUDEK. Scientists are unlocking some of the mysteries of the universe as planetary exploration forges ahead on several fronts.,2019,Sci/Tech,Jamie Lee,Reuters
127,"CA Updates PestPatrol Anti-Spyware Technology Computer Associates (CA) on Monday rolled out new editions of PestPatrol, the anti-spyware technology it picked up in August when it purchased the private",,"CA Updates PestPatrol Anti-Spyware Technology Computer Associates (CA) on Monday rolled out new editions of PestPatrol, the anti-spyware technology it picked up in August when it purchased the privately-held Pennsylvania company.",2023,Sci/Tech,M. Patel,CNBC
128,"US manufacturing activity picks up, construction surges to record &lt;b&gt;...&lt;/b&gt; US manufacturing activity remained strong in September and construction spending surged to a record high in Aug",,"US manufacturing activity picks up, construction surges to record &lt;b&gt;...&lt;/b&gt; US manufacturing activity remained strong in September and construction spending surged to a record high in August, according to a pair of reports issued Friday that provided an optimistic look at the sturdiness of the economy.",2024,Business,Jamie Lee,Bloomberg
129,"Cavaliers, Hokies Play Host Akron at No","12 Virginia &lt;br&gt;   Where:  Scott Stadium, Charlottesville&lt;br&gt;   When:  3 p.m.    Radio:  WTNT-570    Tickets:  Sold out &lt;br&gt;   Another Top QB:  Like North Carolina's Darian Durant last week, Akron quarterback Charlie Frye is the key to his team's slim chances of upsetting the Cavaliers. The 6-foot-4 senior, likened by Virginia Coach Al Groh to recent ACC stars Matt Schaub and Philip Rivers, ranks fourth among active NCAA quarterbacks with 9,048 career passing yards. In losses the past two weeks to Penn State and Middle Tennessee, Frye completed 60 of 80 passes for 622 yards. Weather permitting, he will present a challenge for an inexperienced Virginia secondary that made a few too many errors in deep coverage in its first two games.","Cavaliers, Hokies Play Host Akron at No. 12 Virginia &lt;br&gt;   Where:  Scott Stadium, Charlottesville&lt;br&gt;   When:  3 p.m.    Radio:  WTNT-570    Tickets:  Sold out &lt;br&gt;   Another Top QB:  Like North Carolina's Darian Durant last week, Akron quarterback Charlie Frye is the key to his team's slim chances of upsetting the Cavaliers. The 6-foot-4 senior, likened by Virginia Coach Al Groh to recent ACC stars Matt Schaub and Philip Rivers, ranks fourth among active NCAA quarterbacks with 9,048 career passing yards. In losses the past two weeks to Penn State and Middle Tennessee, Frye completed 60 of 80 passes for 622 yards. Weather permitting, he will present a challenge for an inexperienced Virginia secondary that made a few too many errors in deep coverage in its first two games.",2025,Sports,Chen Li,TechCrunch
130,Barclays takes look at Absa Barclays said Thursday that it was in  quot;early stage quot; talks about buying control of South Africa #39;s Absa Group for at least \$3 billion in what would be its larg,,Barclays takes look at Absa Barclays said Thursday that it was in  quot;early stage quot; talks about buying control of South Africa #39;s Absa Group for at least \$3 billion in what would be its largest purchase outside Britain.,2021,Business,Sara Ahmed,The Guardian
131,"IBM Wins Lloyds TSB Network Contract IBM has signed a \$969-million deal to provide DSL-based Internet telephony and data services to Lloyds TSB, one of the largest banks in the UK.",,"IBM Wins Lloyds TSB Network Contract IBM has signed a \$969-million deal to provide DSL-based Internet telephony and data services to Lloyds TSB, one of the largest banks in the UK.",2023,Sci/Tech,A. Johnson,The Guardian
132,Howard University engineering programs get a boost Industry giants are giving Howard University \$70.6 million in technology to help the school #39;s engineering and science programs.,,Howard University engineering programs get a boost Industry giants are giving Howard University \$70.6 million in technology to help the school #39;s engineering and science programs.,2021,Business,Priya Singh,The Guardian
133,"Nippon Steel to pay double for coal next year Nippon Steel, Japans leading steelmaker, has agreed to pay a record price of more than \$120 per tonne for coking coal from next spring to Australias BHP",,"Nippon Steel to pay double for coal next year Nippon Steel, Japans leading steelmaker, has agreed to pay a record price of more than \$120 per tonne for coking coal from next spring to Australias BHP Billiton Mitsubishi",2021,Business,Chen Li,Wired
134,Zarqawis Al-Qaeda Allegiance Intelligence Work: Expert The alleged allegiance of Al-Tawheed wal Jihad group in Iraq to Al-Qaeda network of Osama Bin Laden pledged in an unverified statement,,Zarqawis Al-Qaeda Allegiance Intelligence Work: Expert The alleged allegiance of Al-Tawheed wal Jihad group in Iraq to Al-Qaeda network of Osama Bin Laden pledged in an unverified statement,2022,World,Jane Doe,AP
135,"\$10 million space shot A star-spangled rocket plane returned to space yesterday, enabling a team of entrepreneurs to collect a \$10 million prize for developing the first reusable private spacecraft.",,"\$10 million space shot A star-spangled rocket plane returned to space yesterday, enabling a team of entrepreneurs to collect a \$10 million prize for developing the first reusable private spacecraft.",2025,Sci/Tech,Alex Smith,TechCrunch
136,South Korea #39;s police round up striking civil servants SEOUL: South Korea #39;s police detained more than 140 public sector workers for their involvement in an unprecedented illegal strike against,,"South Korea #39;s police round up striking civil servants SEOUL: South Korea #39;s police detained more than 140 public sector workers for their involvement in an unprecedented illegal strike against a controversial government labor reform bill, officials said.",2024,World,Sara Ahmed,The Guardian
137,"PA: Gaza to remain occupied land even after disengagement Israel will remain an occupying power in the Gaza Strip even if it carries out the disengagement plan, and should be treated as such, accordin",,"PA: Gaza to remain occupied land even after disengagement Israel will remain an occupying power in the Gaza Strip even if it carries out the disengagement plan, and should be treated as such, according to a legal document prepared by the Palestinian Authority.",2024,World,Marco Rossi,TechCrunch
138,"The Unraveling of a Terror Case Spun From Thinnest Threads The wreckage of a Detroit case about a ""sleeper operational combat cell"" reveals that it was built on evidence that has since been undermined",,"The Unraveling of a Terror Case Spun From Thinnest Threads The wreckage of a Detroit case about a ""sleeper operational combat cell"" reveals that it was built on evidence that has since been undermined.",2020,World,M. Patel,TechCrunch
139,"Having the final say FOXBOROUGH -- The Patriots have won 20 games in a row, and yesterday they tied the NFL record for most consecutive regular-season wins (17)",Those are feats that take all the emotion the players can muster week after week.,"Having the final say FOXBOROUGH -- The Patriots have won 20 games in a row, and yesterday they tied the NFL record for most consecutive regular-season wins (17). Those are feats that take all the emotion the players can muster week after week.",2021,Sports,Alex Smith,Wired
140,"PAISLEY #39;S PLAN FOR IRA NORTHERN Ireland could return to self-government next spring, the Rev Ian Paisley #39;s Democratic Unionist Party said last night.",,"PAISLEY #39;S PLAN FOR IRA NORTHERN Ireland could return to self-government next spring, the Rev Ian Paisley #39;s Democratic Unionist Party said last night.",2024,World,Marco Rossi,The Guardian
141,Travelers could soon report to work mid-flight NEW YORK - Business travelers will be able to surf the Web securely on long-distance flights by combining services from Boeing Co.,,Travelers could soon report to work mid-flight NEW YORK - Business travelers will be able to surf the Web securely on long-distance flights by combining services from Boeing Co.,2023,Sci/Tech,Chen Li,CNBC
142,Jerry Rice Reiterates Call for Trade (AP) AP - Jerry Rice was scheduled to meet with Oakland Raiders owner Al Davis on Wednesday night to discuss the receiver's future after he said he wants to be tra,,Jerry Rice Reiterates Call for Trade (AP) AP - Jerry Rice was scheduled to meet with Oakland Raiders owner Al Davis on Wednesday night to discuss the receiver's future after he said he wants to be traded.,2024,Sports,Chen Li,TechCrunch
143,Marchers demand fair Ukraine poll Tens of thousands march in a tense Kiev in support for the opposition ahead of next weekend's election.,,Marchers demand fair Ukraine poll Tens of thousands march in a tense Kiev in support for the opposition ahead of next weekend's election.,2020,World,Priya Singh,Bloomberg
144,"Wireless Internet Siemens Sets Wireless Data Speed Record In order to achieve the speed of one gigabit per second, Siemens combined an  quot;intelligent antenna system quot; consisting of three transm",,"Wireless Internet Siemens Sets Wireless Data Speed Record In order to achieve the speed of one gigabit per second, Siemens combined an  quot;intelligent antenna system quot; consisting of three transmitting and four receiving antennas with Orthogonal Frequency Division Multiplexing.",2019,Sci/Tech,A. Johnson,Bloomberg
145,"Sudan Talks in Nigeria Said Deadlocked (Reuters) Reuters - After two weeks of talks to end the\crisis in Sudan's Darfur region, government and rebel\negotiators remain far apart on key security issues",,"Sudan Talks in Nigeria Said Deadlocked (Reuters) Reuters - After two weeks of talks to end the\crisis in Sudan's Darfur region, government and rebel\negotiators remain far apart on key security issues, including\disarming warring factions, rebels and diplomats said on\Monday.",2019,World,Sara Ahmed,Reuters
146,Sybase offers free ASE license for Linux Sybase Inc,is trying to lure businesses seeking low-cost open source DBMS alternatives by offering a free production license for its Adaptive Server Enterprise Express Edition on Linux.,Sybase offers free ASE license for Linux Sybase Inc. is trying to lure businesses seeking low-cost open source DBMS alternatives by offering a free production license for its Adaptive Server Enterprise Express Edition on Linux.,2024,Sci/Tech,Sara Ahmed,AP
147,"Report Alleges Gay Abuse in Jamaica (AP) AP - A report by a watchdog agency alleges widespread abuse against gays in this Caribbean island, known for the slogan ""one love.""",,"Report Alleges Gay Abuse in Jamaica (AP) AP - A report by a watchdog agency alleges widespread abuse against gays in this Caribbean island, known for the slogan ""one love.""",2023,World,Marco Rossi,Wired
148,New GuruNet Beta includes Desktop Search New GuruNet Beta includes Desktop Search\\Bob Rosenschein and his team are online with the beta release of a new Gurunet client (ver,"5.2, Windows only). Their useful GuruNet answer/reference tool now includes a desktop search app. We haven't has a chance to try it out yet (we will) but we ...","New GuruNet Beta includes Desktop Search New GuruNet Beta includes Desktop Search\\Bob Rosenschein and his team are online with the beta release of a new Gurunet client (ver. 5.2, Windows only). Their useful GuruNet answer/reference tool now includes a desktop search app. We haven't has a chance to try it out yet (we will) but we ...",2024,Sci/Tech,Chen Li,Reuters
149,"Schroeder #39;s SPD Routed in Saarland, Far Right Gains German Chancellor Gerhard Schroeder #39;s Social Democrats slumped to their worst result in 44 years in the western state of Saarland on Sunday",,"Schroeder #39;s SPD Routed in Saarland, Far Right Gains German Chancellor Gerhard Schroeder #39;s Social Democrats slumped to their worst result in 44 years in the western state of Saarland on Sunday as voters punished the party for its painful economic reforms.",2024,World,Chen Li,AP
150,China Resources To Issue 57.97M Shrs For Supermarket Buys HONG KONG (Dow Jones)--China Resources Enterprise Ltd,(0291.HK) said it will issue 57.97 million new shares to its parent China Resources (Holdings) Co.,China Resources To Issue 57.97M Shrs For Supermarket Buys HONG KONG (Dow Jones)--China Resources Enterprise Ltd. (0291.HK) said it will issue 57.97 million new shares to its parent China Resources (Holdings) Co.,2025,Business,Jamie Lee,Bloomberg
151,"Maradona to Return to Cuba on Monday for Drug Rehab  HAVANA (Reuters) - Fallen soccer great Diego Maradona will  return to Cuba Monday to be shut away in a mental clinic for  more drug treatment, Arge",,"Maradona to Return to Cuba on Monday for Drug Rehab  HAVANA (Reuters) - Fallen soccer great Diego Maradona will  return to Cuba Monday to be shut away in a mental clinic for  more drug treatment, Argentine diplomats said Friday.",2025,Sports,Jane Doe,TechCrunch
152,Deadlock over Axum obelisk Strained relations between Eritrea and Ethiopia could prevent the Axum obelisk's return to Ethiopia from Italy.,,Deadlock over Axum obelisk Strained relations between Eritrea and Ethiopia could prevent the Axum obelisk's return to Ethiopia from Italy.,2020,World,M. Patel,The Guardian
153,Barghouthi Drops Out of Palestinian Election Jailed Palestinian uprising leader Marwan Barghouthi has pulled out of a Jan,"9 presidential election to succeed Yasser Arafat, a close aide said on Sunday.","Barghouthi Drops Out of Palestinian Election Jailed Palestinian uprising leader Marwan Barghouthi has pulled out of a Jan. 9 presidential election to succeed Yasser Arafat, a close aide said on Sunday.",2024,World,Chen Li,The Guardian
154,CIBC  #39;disturbed #39; at word of continued faxes of client data to US &lt;b&gt;...&lt;/b&gt; TORONTO (CP) - CIBC revealed Friday that it learned last month that faxes containing sensitive customer,,CIBC  #39;disturbed #39; at word of continued faxes of client data to US &lt;b&gt;...&lt;/b&gt; TORONTO (CP) - CIBC revealed Friday that it learned last month that faxes containing sensitive customer information were allegedly still arriving at a US junkyard two years after the bank thought the problem had been fixed.,2025,Business,Jane Doe,The Guardian
155,Mystifying Image Of Virgin Mary On Grilled Cheese Sandwich Sold To &lt;b&gt;...&lt;/b&gt; ST,"JOHNS, Antigua, Nov. 22 /PRNewswire/ -- In a perfect example of Americana pop culture phenomenon, a grilled cheese sandwich that bears the image of the Virgin Mary has been sold on eBay to Internet casino GoldenPalace.","Mystifying Image Of Virgin Mary On Grilled Cheese Sandwich Sold To &lt;b&gt;...&lt;/b&gt; ST. JOHNS, Antigua, Nov. 22 /PRNewswire/ -- In a perfect example of Americana pop culture phenomenon, a grilled cheese sandwich that bears the image of the Virgin Mary has been sold on eBay to Internet casino GoldenPalace.",2022,Sci/Tech,Jane Doe,BBC
156,"NASA's Genesis Capsule Crashes A capsule carrying samples of solar wind was supposed to be plucked out of midair by a helicopter, but its chutes apparently malfunctioned","Amit Asaravala reports from Dugway Proving Grounds, Utah.","NASA's Genesis Capsule Crashes A capsule carrying samples of solar wind was supposed to be plucked out of midair by a helicopter, but its chutes apparently malfunctioned. Amit Asaravala reports from Dugway Proving Grounds, Utah.",2022,Sci/Tech,Jane Doe,The Guardian
157,Let light shine on Bombardier dealings Laurent Beaudoin has done us all a favour,Monday #39;s boardroom upheaval at Bombardier Inc. brings a natural opportunity to reassess the taxpayers #39; role in this prestigious company.,Let light shine on Bombardier dealings Laurent Beaudoin has done us all a favour. Monday #39;s boardroom upheaval at Bombardier Inc. brings a natural opportunity to reassess the taxpayers #39; role in this prestigious company.,2021,Business,A. Johnson,Bloomberg
158,"Gloucester slows down Winthrop A sense of history is valuable, even in a football game","Gloucester has watched Winthrop's Anthony Fucillo walk all over the Northeastern Conference this season. Through eight games, Fucillo had thrown 11 touchdown passes and scored 87 points.","Gloucester slows down Winthrop A sense of history is valuable, even in a football game. Gloucester has watched Winthrop's Anthony Fucillo walk all over the Northeastern Conference this season. Through eight games, Fucillo had thrown 11 touchdown passes and scored 87 points.",2020,Sports,Sara Ahmed,TechCrunch
159,"New gaming star Like millions of video-game freaks, I spent a chunk of the past week making my bones as a low-level gangsta in the alternate universe of  quot;Grand Theft Auto: San Andreas.",,"New gaming star Like millions of video-game freaks, I spent a chunk of the past week making my bones as a low-level gangsta in the alternate universe of  quot;Grand Theft Auto: San Andreas.",2021,Sci/Tech,Alex Smith,Wired
160,"Libya Agrees to Pay \$35 Million to Berlin Bomb Victims  TRIPOLI, Libya (Reuters) - Libya signed a deal Friday to  pay \$35 million in compensation to more than 160 victims of a  Berlin nightclub bomb",,"Libya Agrees to Pay \$35 Million to Berlin Bomb Victims  TRIPOLI, Libya (Reuters) - Libya signed a deal Friday to  pay \$35 million in compensation to more than 160 victims of a  Berlin nightclub bombing in 1986, taking another major step  toward ending its international isolation.",2019,World,Alex Smith,Bloomberg
161,"Paraguay Clashes Leave 1 Dead, 20 Hurt Clashes between landless farmworkers and Paraguayan security forces left a police officer dead and 20 other people injured in a resurgence of violence that has r",,"Paraguay Clashes Leave 1 Dead, 20 Hurt Clashes between landless farmworkers and Paraguayan security forces left a police officer dead and 20 other people injured in a resurgence of violence that has rattled Paraguay's government.",2022,World,M. Patel,The Guardian
162,Lehman Brothers Names Christopher M,"O #39;Meara Chief Financial &lt;b&gt;...&lt;/b&gt; NEW YORK, Nov. 29 /PRNewswire-FirstCall/ -- Lehman Brothers, the global investment bank, today announced that Christopher M. O #39;Meara, 43, has been named Chief Financial Officer.","Lehman Brothers Names Christopher M. O #39;Meara Chief Financial &lt;b&gt;...&lt;/b&gt; NEW YORK, Nov. 29 /PRNewswire-FirstCall/ -- Lehman Brothers, the global investment bank, today announced that Christopher M. O #39;Meara, 43, has been named Chief Financial Officer.",2022,Business,Alex Smith,BBC
163,Zarqawi Pledges Allegiance to Bin Laden -- Web Site  DUBAI (Reuters) - An Iraq-based group led by Abu Musab  al-Zarqawi has pledged allegiance to Osama bin Laden's al Qaeda  group in a move it said ai,,"Zarqawi Pledges Allegiance to Bin Laden -- Web Site  DUBAI (Reuters) - An Iraq-based group led by Abu Musab  al-Zarqawi has pledged allegiance to Osama bin Laden's al Qaeda  group in a move it said aimed to increase the ""ire of infidels  and the fear of the enemies of Islam.""",2020,World,Jamie Lee,Reuters
164,"Notre Dame #39;s firing isn #39;t case of black, white Now that Notre Dame has fired Tyrone Willingham, that #39;s how many black head coaches there are at America #39;s 117 Division IA universities.",,"Notre Dame #39;s firing isn #39;t case of black, white Now that Notre Dame has fired Tyrone Willingham, that #39;s how many black head coaches there are at America #39;s 117 Division IA universities.",2023,Sports,Chen Li,The Guardian
165,"Microsoft Sues Web Hoster, Others Over Spam  SEATTLE (Reuters) - Microsoft Corp","filed nine new lawsuits  against spammers who send unsolicited e-mail, including an  e-mail marketing Web hosting company, the world's largest  software maker said on Thursday","Microsoft Sues Web Hoster, Others Over Spam  SEATTLE (Reuters) - Microsoft Corp. filed nine new lawsuits  against spammers who send unsolicited e-mail, including an  e-mail marketing Web hosting company, the world's largest  software maker said on Thursday",2019,Sci/Tech,Marco Rossi,TechCrunch
166,"Web Site for Complaints Sparks Lawsuit (AP) AP - When Alan and Linda Townsend were unhappy with the sprayed-on siding applied to their house, the frustrated couple launched a Web site to complain and","Visitor postings to the Web site said the product, Spray on Siding, cracked, bubbled and buckled. For their efforts, the Townsends got slapped with a lawsuit by the product's maker. The federal case may help shape the boundaries of online speech.","Web Site for Complaints Sparks Lawsuit (AP) AP - When Alan and Linda Townsend were unhappy with the sprayed-on siding applied to their house, the frustrated couple launched a Web site to complain and to give other unsatisfied customers a forum. Visitor postings to the Web site said the product, Spray on Siding, cracked, bubbled and buckled. For their efforts, the Townsends got slapped with a lawsuit by the product's maker. The federal case may help shape the boundaries of online speech.",2025,Sci/Tech,Chen Li,Wired
167,"Photo: Dialing for a song Verizon Wireless lets you choose ""ringback tones"" from a catalog of more than 2,200 songs in 13 different music genres.",,"Photo: Dialing for a song Verizon Wireless lets you choose ""ringback tones"" from a catalog of more than 2,200 songs in 13 different music genres.",2025,Sci/Tech,Alex Smith,Reuters
168,"UK: M amp;S reports lower profit, reshuffles management UK food and clothing retailer Marks  amp; Spencer has reported lower profits for the first half, and announced management changes as it tries to",,"UK: M amp;S reports lower profit, reshuffles management UK food and clothing retailer Marks  amp; Spencer has reported lower profits for the first half, and announced management changes as it tries to turn around its business.",2024,Business,Jane Doe,Reuters
169,HP Signs Outsourcing Deal with Nokia  NEW YORK (Reuters) - Hewlett-Packard Co,"said on Wednesday  it had signed a five-year technology outsourcing agreement with  Nokia worth \$100 million per year, finalizing a deal first  flagged in February.","HP Signs Outsourcing Deal with Nokia  NEW YORK (Reuters) - Hewlett-Packard Co. said on Wednesday  it had signed a five-year technology outsourcing agreement with  Nokia worth \$100 million per year, finalizing a deal first  flagged in February.",2021,Business,M. Patel,Reuters
170,Williams Retired Over Disputed Drug Test (AP) AP - Ricky Williams abruptly retired from the Miami Dolphins last summer because he disagreed with the NFL over a disputed drug test,Williams now wants to play again.,Williams Retired Over Disputed Drug Test (AP) AP - Ricky Williams abruptly retired from the Miami Dolphins last summer because he disagreed with the NFL over a disputed drug test. Williams now wants to play again.,2025,Sports,Marco Rossi,Reuters
171,SL vindicated over Muralitharan Sri Lanka Cricket says efforts to convince the ICC Muttiah Muralitharan's bowling action was legitimate have paid off.,,SL vindicated over Muralitharan Sri Lanka Cricket says efforts to convince the ICC Muttiah Muralitharan's bowling action was legitimate have paid off.,2019,World,Chen Li,CNBC
172,Rats May Help Unravel Human Drug Addiction Mysteries By LAURAN NEERGAARD    WASHINGTON (AP) -- Rats can become drug addicts,"That's important to know, scientists say, and has taken a long time to prove...","Rats May Help Unravel Human Drug Addiction Mysteries By LAURAN NEERGAARD    WASHINGTON (AP) -- Rats can become drug addicts. That's important to know, scientists say, and has taken a long time to prove...",2023,Sci/Tech,Alex Smith,CNBC
173,"Interest Rates Expected To Rise The Federal Reserve is likely to announce a quarter-point rise in the federal funds target rate from 1.75 percent to 2.0 percent, economists and traders agree.",,"Interest Rates Expected To Rise The Federal Reserve is likely to announce a quarter-point rise in the federal funds target rate from 1.75 percent to 2.0 percent, economists and traders agree.",2023,Business,Marco Rossi,BBC
174,"Murdoch wants Malone #39;s word Following a policy of trust-but-verify, Rupert Murdoch said Tuesday that he wants formal assurance that Liberty Media Chairman John Malone won #39;t make a run at his N",,"Murdoch wants Malone #39;s word Following a policy of trust-but-verify, Rupert Murdoch said Tuesday that he wants formal assurance that Liberty Media Chairman John Malone won #39;t make a run at his News Corp.",2023,Business,Jane Doe,The Guardian
175,Byrd Defends Dayton's Office Closure (AP) AP - The Senate's most senior member on Thursday defended Sen,Mark Dayton's decision to close his Washington office over concerns about a terrorist attack.,Byrd Defends Dayton's Office Closure (AP) AP - The Senate's most senior member on Thursday defended Sen. Mark Dayton's decision to close his Washington office over concerns about a terrorist attack.,2019,World,Jamie Lee,CNBC
176,"Zayed bin Sultan Dies; Gulf Leader and Statesman Sheik Zayed bin Sultan al-Nahayan, a Bedouin tribesman who became president of the federation known as the United Arab Emirates and one of the Arab wor",,"Zayed bin Sultan Dies; Gulf Leader and Statesman Sheik Zayed bin Sultan al-Nahayan, a Bedouin tribesman who became president of the federation known as the United Arab Emirates and one of the Arab world #39;s leading statesmen, died yesterday.",2025,World,M. Patel,CNBC
177,"Oil prices ease in Asian trade Oil prices eased from near-record highs in Asian trade today after the US government said it may draw from its strategic reserves to make up for supply shortages, dealer",,"Oil prices ease in Asian trade Oil prices eased from near-record highs in Asian trade today after the US government said it may draw from its strategic reserves to make up for supply shortages, dealers said.",2023,Business,Chen Li,Reuters
178,Hurricane Charley Tears Into Outback  NEW YORK (Reuters) - Outback Steakhouse Inc,"&lt;A HREF=""http://www.investor.reuters.com/FullQuote.aspx?ticker=OSI.N target=/stocks/quickinfo/fullquote""&gt;OSI.N&lt;/A&gt; on  Tuesday said it lost about 130 operating days and up to \$2  million in revenue because it had to close some restaurants in  the South due to Hurricane Charley.","Hurricane Charley Tears Into Outback  NEW YORK (Reuters) - Outback Steakhouse Inc. &lt;A HREF=""http://www.investor.reuters.com/FullQuote.aspx?ticker=OSI.N target=/stocks/quickinfo/fullquote""&gt;OSI.N&lt;/A&gt; on  Tuesday said it lost about 130 operating days and up to \$2  million in revenue because it had to close some restaurants in  the South due to Hurricane Charley.",2021,Business,Marco Rossi,CNBC
179,Finally! The Treo 650 Arrives The palmOne Treo 600 may be the nation #39;s most loved smart phonea celebrated balance of cell phone and PDA,"Rumors have swirled around the Internet for months about the next generation of Treos; today, with","Finally! The Treo 650 Arrives The palmOne Treo 600 may be the nation #39;s most loved smart phonea celebrated balance of cell phone and PDA. Rumors have swirled around the Internet for months about the next generation of Treos; today, with",2020,Sci/Tech,Marco Rossi,CNBC
180,"Iraq Sets Election Despite Fresh Violence Gunmen on Monday assassinated a member of an influential Sunni clerics #39; group that has called for a boycott of national elections, just a day after Iraqi",30 in spite of rising violence in Iraq.,"Iraq Sets Election Despite Fresh Violence Gunmen on Monday assassinated a member of an influential Sunni clerics #39; group that has called for a boycott of national elections, just a day after Iraqi officials announced the balloting would be held Jan. 30 in spite of rising violence in Iraq.",2020,World,A. Johnson,Reuters
182,Rejecting Rite Aid Shares of drugstore chain Rite Aid (NYSE: RAD) needed some bandages and maybe a smear of soothing ointment this morning as they were scraped by investors for a 13 drop.,,Rejecting Rite Aid Shares of drugstore chain Rite Aid (NYSE: RAD) needed some bandages and maybe a smear of soothing ointment this morning as they were scraped by investors for a 13 drop.,2025,Business,A. Johnson,The Guardian
183,"Mets Lock Up Benson Kris Benson and the New York Mets complete more than three months of negotiations, agreeing Saturday to a \$22.5 million, three-year contract.",,"Mets Lock Up Benson Kris Benson and the New York Mets complete more than three months of negotiations, agreeing Saturday to a \$22.5 million, three-year contract.",2020,Sports,Jamie Lee,AP
184,Ali Calls for U.S,"Boxing Commission WASHINGTON - Boxing great Muhammad Ali asked Congress on Thursday to create a U.S. Boxing Commission, saying oversight by the federal government is needed to protect boxers from exploitation and injury...","Ali Calls for U.S. Boxing Commission WASHINGTON - Boxing great Muhammad Ali asked Congress on Thursday to create a U.S. Boxing Commission, saying oversight by the federal government is needed to protect boxers from exploitation and injury...",2024,World,John Doe,TechCrunch
185,"Bond yields near 7-month lows NEW YORK (CNN/Money) - US Treasuries rallied early Monday, sending yields to their lowest levels in nearly seven months, as record high crude oil prices pressured equitie",,"Bond yields near 7-month lows NEW YORK (CNN/Money) - US Treasuries rallied early Monday, sending yields to their lowest levels in nearly seven months, as record high crude oil prices pressured equities.",2022,Business,Priya Singh,BBC
186,Australia Firm on Troops After Iraq Hostage Report (Reuters) Reuters - Australian Prime Minister John Howard\remained committed on Tuesday to the U.S.-led war on Iraq as\investigations continued into,,Australia Firm on Troops After Iraq Hostage Report (Reuters) Reuters - Australian Prime Minister John Howard\remained committed on Tuesday to the U.S.-led war on Iraq as\investigations continued into an unconfirmed report that two\Australians had been taken hostage and threatened with\execution.,2021,World,John Doe,Wired
187,Glazer increases stake in United to 25 percent Tampa Bay Buccaneers owner Malcolm Glazer increased his stake in Manchester United to 25.5 percent Friday as he pursues a possible takeover of the world,,Glazer increases stake in United to 25 percent Tampa Bay Buccaneers owner Malcolm Glazer increased his stake in Manchester United to 25.5 percent Friday as he pursues a possible takeover of the world #39;s richest soccer club.,2022,Sports,Alex Smith,Bloomberg
188,Canadian Synchrotron Radiation Facility Opens A synchrotron acts like a gigantic microscope that generates intense beams of brilliant light to view the microstructure of materials.,,Canadian Synchrotron Radiation Facility Opens A synchrotron acts like a gigantic microscope that generates intense beams of brilliant light to view the microstructure of materials.,2024,Sci/Tech,John Doe,TechCrunch
189,"Cendant to Spin Off Mortgage Operations Cendant Corp., the world #39;s top hotel franchisor, said Tuesday that it plans to spin off its mortgage and fleet operations in the first quarter of 2005 by di",,"Cendant to Spin Off Mortgage Operations Cendant Corp., the world #39;s top hotel franchisor, said Tuesday that it plans to spin off its mortgage and fleet operations in the first quarter of 2005 by distributing PHH Corp.",2025,Business,Priya Singh,AP
190,"Whats common to country music WASHINGTON, OCTOBER 1: Researchers who found a link between country music and suicide, and a man who patented his combover hairstyle won IgNobel Awards for true but funny",,"Whats common to country music WASHINGTON, OCTOBER 1: Researchers who found a link between country music and suicide, and a man who patented his combover hairstyle won IgNobel Awards for true but funny experiments.",2019,Sci/Tech,Chen Li,CNBC
191,"Bush: War in Iraq Was Right Despite No WMDs President Bush said on Thursday he\was ""right to take action"" in Iraq even though a new U.S.\report found that Baghdad had no stockpiles of weapons of mass\",,"Bush: War in Iraq Was Right Despite No WMDs President Bush said on Thursday he\was ""right to take action"" in Iraq even though a new U.S.\report found that Baghdad had no stockpiles of weapons of mass\destruction and that its nuclear program had decayed.",2019,World,John Doe,TechCrunch
192,"Celtic hit by Dons in full spate Resurgent Aberdeen, all of brave, magnificent and lucky, bludgeoned Celtic in their own back yard last night","This was a mesmerising match, distinguished by two impossibly early Aberdeen goals followed by","Celtic hit by Dons in full spate Resurgent Aberdeen, all of brave, magnificent and lucky, bludgeoned Celtic in their own back yard last night. This was a mesmerising match, distinguished by two impossibly early Aberdeen goals followed by",2025,Sports,John Doe,BBC
193,"VW workers launch warning strikes HANOVER - About 4,000 Volkswagen workers stayed off the job for about an hour Friday to press demands for higher wages that remained unresolved after a fifth round of",,"VW workers launch warning strikes HANOVER - About 4,000 Volkswagen workers stayed off the job for about an hour Friday to press demands for higher wages that remained unresolved after a fifth round of talks between their union and management at Europe #39;s largest car maker.",2019,Business,Alex Smith,BBC
194,"Blast kills 10 in southwestern Pakistan At least 10 people were killed and 21 others wounded in a powerful bomb blast Friday in Quetta, capital of Pakistan #39;s southwestern Baluchistan province, sta",,"Blast kills 10 in southwestern Pakistan At least 10 people were killed and 21 others wounded in a powerful bomb blast Friday in Quetta, capital of Pakistan #39;s southwestern Baluchistan province, state-run Pakistan TV reported.",2023,World,Alex Smith,BBC
196,"Microsoft's Bill Gates in Paris to seal UNESCO partnership, meet Chirac (Canadian Press) Canadian Press - PARIS (AP) - Microsoft Corp","chairman Bill Gates signed a co-operation agreement with UNESCO on Wednesday to improve access to computers, the Internet and information technology training in developing countries.","Microsoft's Bill Gates in Paris to seal UNESCO partnership, meet Chirac (Canadian Press) Canadian Press - PARIS (AP) - Microsoft Corp. chairman Bill Gates signed a co-operation agreement with UNESCO on Wednesday to improve access to computers, the Internet and information technology training in developing countries.",2025,World,John Doe,AP
197,Computers snared by spyware EDITOR #39;S NOTE: This is the first of a two-part series on the spyware epidemic,"NEW YORK - David Eckstein turned on his computer one day and launched his Web browser, just as he had every day.","Computers snared by spyware EDITOR #39;S NOTE: This is the first of a two-part series on the spyware epidemic. NEW YORK - David Eckstein turned on his computer one day and launched his Web browser, just as he had every day.",2019,Sci/Tech,Chen Li,BBC
198,"Users Applaud Idea of Oracle BI as Center of the Universe The message was, characteristically, all-Oracle: Consolidate, ditch the special-purpose data warehouses, and move to a version of Oracle Corp.",,"Users Applaud Idea of Oracle BI as Center of the Universe The message was, characteristically, all-Oracle: Consolidate, ditch the special-purpose data warehouses, and move to a version of Oracle Corp.",2021,Sci/Tech,M. Patel,AP
199,The BCS shuffle University of Texas head coach Mack Brown didn #39;t have long to savor his team #39;s 26-13 victory over in-state rival Texas A amp;M.,,The BCS shuffle University of Texas head coach Mack Brown didn #39;t have long to savor his team #39;s 26-13 victory over in-state rival Texas A amp;M.,2024,Sports,Marco Rossi,Wired
200,"Air Canada to Buy 45 Embraer Jets Air Canada (AC.TO: Quote, Profile, Research) (ACErv.TO: Quote, Profile, Research) has agreed to buy 45 regional jets from Embraer SA (EMBR4.",,"Air Canada to Buy 45 Embraer Jets Air Canada (AC.TO: Quote, Profile, Research) (ACErv.TO: Quote, Profile, Research) has agreed to buy 45 regional jets from Embraer SA (EMBR4.",2020,Business,Priya Singh,Wired
201,Cricket telecast back-up poser Sept 16: Cricket authorities will seek a clarification from the court whether they can prepare a contingency plan if the dispute between Zee Telefilms and ESPN-STAR is n,,Cricket telecast back-up poser Sept 16: Cricket authorities will seek a clarification from the court whether they can prepare a contingency plan if the dispute between Zee Telefilms and ESPN-STAR is not resolved soon.,2025,Sports,John Doe,Reuters
202,"Sales chief ousted just over a year after being hired LOS ANGELES (CBS.MW) -- Following a wave of declining quarterly sales, Manugistics Group has fired its top sales and marketing executive a little",,"Sales chief ousted just over a year after being hired LOS ANGELES (CBS.MW) -- Following a wave of declining quarterly sales, Manugistics Group has fired its top sales and marketing executive a little more than a year after he was hired, the company disclosed in a regulatory filing Monday.",2024,Business,Alex Smith,Bloomberg
203,Singapore Air Sets \$7.35 Bln Boeing Order  SINGAPORE/CHICAGO (Reuters) - Singapore Airlines Ltd,"&lt;A HREF=""http://www.investor.reuters.com/FullQuote.aspx?ticker=SIAL.SI target=/stocks/quickinfo/fullquote""&gt;SIAL.SI&lt;/A&gt; plans to buy up to 31 Boeing Co. &lt;A HREF=""http://www.investor.reuters.com/FullQuote.aspx?ticker=BA.N target=/stocks/quickinfo/fullquote""&gt;BA.N&lt;/A&gt; long-range  777-300ER planes worth about \$7.35 billion, the carrier said on  Wednesday.","Singapore Air Sets \$7.35 Bln Boeing Order  SINGAPORE/CHICAGO (Reuters) - Singapore Airlines Ltd.  &lt;A HREF=""http://www.investor.reuters.com/FullQuote.aspx?ticker=SIAL.SI target=/stocks/quickinfo/fullquote""&gt;SIAL.SI&lt;/A&gt; plans to buy up to 31 Boeing Co. &lt;A HREF=""http://www.investor.reuters.com/FullQuote.aspx?ticker=BA.N target=/stocks/quickinfo/fullquote""&gt;BA.N&lt;/A&gt; long-range  777-300ER planes worth about \$7.35 billion, the carrier said on  Wednesday.",2021,Business,Jane Doe,Reuters
204,Tight Lies Tour Goes Against the Grain (AP) AP - The Tight Lies Tour is one of several regional circuits for players with aspirations of making the big leagues,"One of its alumni is Ryan Palmer, who held off Vijay Singh last month at Disney for his first PGA Tour victory.","Tight Lies Tour Goes Against the Grain (AP) AP - The Tight Lies Tour is one of several regional circuits for players with aspirations of making the big leagues. One of its alumni is Ryan Palmer, who held off Vijay Singh last month at Disney for his first PGA Tour victory.",2025,Sports,Jane Doe,The Guardian
205,Motorola Acquiring Wireless Networking Firm MeshNetworks Motorola Inc,"is acquiring MeshNetworks Inc., developer of a technology that makes it easy to set up and expand wireless networks, in a deal expected to help the world's No. 2 cell phone maker win more government business.","Motorola Acquiring Wireless Networking Firm MeshNetworks Motorola Inc. is acquiring MeshNetworks Inc., developer of a technology that makes it easy to set up and expand wireless networks, in a deal expected to help the world's No. 2 cell phone maker win more government business.",2021,Sci/Tech,Jane Doe,Bloomberg
206,"Tokyo stocks finish lower, US dollar slides against euro, yen? &lt;b&gt;...&lt;/b&gt; Tokyo stocks finished lower Monday as investors took profits from recent gains",The US dollar fell to an all-time low against the euro and a seven-month low against the Japanese yen amid worries about the US current account and budget deficits.,"Tokyo stocks finish lower, US dollar slides against euro, yen? &lt;b&gt;...&lt;/b&gt; Tokyo stocks finished lower Monday as investors took profits from recent gains. The US dollar fell to an all-time low against the euro and a seven-month low against the Japanese yen amid worries about the US current account and budget deficits.",2025,Business,Priya Singh,Reuters
